"","Geo_FIPS","year","cluster"
"1",6001400100,2014,1
"2",6001400200,2014,1
"3",6001400300,2014,7
"4",6001400400,2014,7
"5",6001400500,2014,2
"6",6001400600,2014,2
"7",6001400700,2014,2
"8",6001400800,2014,2
"9",6001400900,2014,2
"10",6001401000,2014,2
"11",6001401100,2014,2
"12",6001401200,2014,7
"13",6001401300,2014,4
"14",6001401400,2014,3
"15",6001401500,2014,2
"16",6001401600,2014,2
"17",6001401700,2014,15
"18",6001401800,2014,3
"19",6001402200,2014,3
"20",6001402400,2014,3
"21",6001402500,2014,3
"22",6001402600,2014,4
"23",6001402700,2014,3
"24",6001402800,2014,4
"25",6001402900,2014,4
"26",6001403000,2014,5
"27",6001403100,2014,4
"28",6001403300,2014,4
"29",6001403400,2014,4
"30",6001403501,2014,4
"31",6001403502,2014,2
"32",6001403600,2014,2
"33",6001403701,2014,2
"34",6001403702,2014,2
"35",6001403800,2014,7
"36",6001403900,2014,2
"37",6001404000,2014,2
"38",6001404101,2014,7
"39",6001404102,2014,2
"40",6001404200,2014,1
"41",6001404300,2014,1
"42",6001404400,2014,1
"43",6001404501,2014,1
"44",6001404502,2014,1
"45",6001404600,2014,1
"46",6001404700,2014,1
"47",6001404800,2014,11
"48",6001404900,2014,11
"49",6001405000,2014,1
"50",6001405100,2014,1
"51",6001405200,2014,2
"52",6001405301,2014,2
"53",6001405302,2014,4
"54",6001405401,2014,3
"55",6001405402,2014,6
"56",6001405500,2014,3
"57",6001405600,2014,3
"58",6001405700,2014,3
"59",6001405800,2014,6
"60",6001405901,2014,6
"61",6001405902,2014,6
"62",6001406000,2014,6
"63",6001406100,2014,6
"64",6001406201,2014,6
"65",6001406202,2014,6
"66",6001406300,2014,6
"67",6001406400,2014,3
"68",6001406500,2014,6
"69",6001406601,2014,3
"70",6001406602,2014,3
"71",6001406700,2014,11
"72",6001406800,2014,1
"73",6001406900,2014,11
"74",6001407000,2014,6
"75",6001407101,2014,6
"76",6001407102,2014,6
"77",6001407200,2014,6
"78",6001407300,2014,6
"79",6001407400,2014,6
"80",6001407500,2014,3
"81",6001407600,2014,3
"82",6001407700,2014,3
"83",6001407800,2014,3
"84",6001407900,2014,1
"85",6001408000,2014,1
"86",6001408100,2014,14
"87",6001408200,2014,3
"88",6001408300,2014,3
"89",6001408400,2014,3
"90",6001408500,2014,3
"91",6001408600,2014,3
"92",6001408700,2014,3
"93",6001408800,2014,3
"94",6001408900,2014,3
"95",6001409000,2014,3
"96",6001409100,2014,3
"97",6001409200,2014,3
"98",6001409300,2014,6
"99",6001409400,2014,6
"100",6001409500,2014,3
"101",6001409600,2014,3
"102",6001409700,2014,3
"103",6001409800,2014,3
"104",6001409900,2014,8
"105",6001410000,2014,8
"106",6001410100,2014,3
"107",6001410200,2014,3
"108",6001410300,2014,6
"109",6001410400,2014,3
"110",6001410500,2014,3
"111",6001420100,2014,1
"112",6001420200,2014,7
"113",6001420300,2014,7
"114",6001420500,2014,11
"115",6001420600,2014,1
"116",6001421100,2014,1
"117",6001421200,2014,1
"118",6001421300,2014,1
"119",6001421400,2014,1
"120",6001421500,2014,1
"121",6001421600,2014,1
"122",6001421700,2014,7
"123",6001421800,2014,1
"124",6001421900,2014,1
"125",6001422000,2014,15
"126",6001422100,2014,11
"127",6001422200,2014,7
"128",6001422300,2014,7
"129",6001422400,2014,10
"130",6001422500,2014,10
"131",6001422700,2014,10
"132",6001422800,2014,10
"133",6001422900,2014,10
"134",6001423000,2014,7
"135",6001423100,2014,7
"136",6001423200,2014,2
"137",6001423300,2014,3
"138",6001423400,2014,2
"139",6001423500,2014,2
"140",6001423601,2014,7
"141",6001423602,2014,10
"142",6001423700,2014,7
"143",6001423800,2014,1
"144",6001423901,2014,7
"145",6001423902,2014,7
"146",6001424001,2014,2
"147",6001424002,2014,2
"148",6001425101,2014,7
"149",6001425102,2014,15
"150",6001425103,2014,15
"151",6001425104,2014,2
"152",6001426100,2014,1
"153",6001426200,2014,1
"154",6001427100,2014,1
"155",6001427200,2014,11
"156",6001427300,2014,11
"157",6001427600,2014,6
"158",6001427700,2014,2
"159",6001427800,2014,11
"160",6001427900,2014,11
"161",6001428000,2014,2
"162",6001428100,2014,11
"163",6001428200,2014,11
"164",6001428301,2014,14
"165",6001428302,2014,14
"166",6001428400,2014,7
"167",6001428500,2014,7
"168",6001428600,2014,7
"169",6001428700,2014,15
"170",6001430101,2014,14
"171",6001430102,2014,1
"172",6001430200,2014,8
"173",6001430300,2014,1
"174",6001430400,2014,1
"175",6001430500,2014,13
"176",6001430600,2014,1
"177",6001430700,2014,1
"178",6001430800,2014,8
"179",6001430900,2014,15
"180",6001431000,2014,6
"181",6001431100,2014,15
"182",6001431200,2014,8
"183",6001432100,2014,1
"184",6001432200,2014,13
"185",6001432300,2014,13
"186",6001432400,2014,6
"187",6001432501,2014,6
"188",6001432502,2014,13
"189",6001432600,2014,15
"190",6001432700,2014,1
"191",6001432800,2014,1
"192",6001433000,2014,13
"193",6001433102,2014,6
"194",6001433103,2014,6
"195",6001433104,2014,15
"196",6001433200,2014,15
"197",6001433300,2014,13
"198",6001433400,2014,9
"199",6001433500,2014,13
"200",6001433600,2014,6
"201",6001433700,2014,6
"202",6001433800,2014,6
"203",6001433900,2014,6
"204",6001434000,2014,6
"205",6001435102,2014,14
"206",6001435103,2014,14
"207",6001435104,2014,6
"208",6001435200,2014,13
"209",6001435300,2014,3
"210",6001435400,2014,15
"211",6001435500,2014,6
"212",6001435601,2014,6
"213",6001435602,2014,6
"214",6001435700,2014,13
"215",6001435800,2014,13
"216",6001436000,2014,13
"217",6001436100,2014,6
"218",6001436200,2014,6
"219",6001436300,2014,6
"220",6001436401,2014,13
"221",6001436402,2014,1
"222",6001436500,2014,15
"223",6001436601,2014,6
"224",6001436602,2014,6
"225",6001436700,2014,6
"226",6001436800,2014,6
"227",6001436900,2014,6
"228",6001437000,2014,13
"229",6001437101,2014,14
"230",6001437102,2014,13
"231",6001437200,2014,13
"232",6001437300,2014,6
"233",6001437400,2014,6
"234",6001437500,2014,6
"235",6001437600,2014,6
"236",6001437701,2014,6
"237",6001437702,2014,6
"238",6001437800,2014,13
"239",6001437900,2014,6
"240",6001438000,2014,6
"241",6001438100,2014,13
"242",6001438201,2014,6
"243",6001438203,2014,9
"244",6001438204,2014,13
"245",6001438300,2014,6
"246",6001438400,2014,13
"247",6001440100,2014,13
"248",6001440200,2014,6
"249",6001440301,2014,13
"250",6001440304,2014,9
"251",6001440306,2014,9
"252",6001440307,2014,13
"253",6001440308,2014,9
"254",6001440331,2014,9
"255",6001440333,2014,14
"256",6001440334,2014,9
"257",6001440335,2014,14
"258",6001440336,2014,13
"259",6001441100,2014,1
"260",6001441200,2014,8
"261",6001441301,2014,9
"262",6001441302,2014,8
"263",6001441401,2014,9
"264",6001441402,2014,14
"265",6001441501,2014,14
"266",6001441503,2014,14
"267",6001441521,2014,14
"268",6001441522,2014,14
"269",6001441523,2014,9
"270",6001441524,2014,14
"271",6001441601,2014,13
"272",6001441602,2014,9
"273",6001441700,2014,13
"274",6001441800,2014,13
"275",6001441921,2014,13
"276",6001441923,2014,15
"277",6001441924,2014,9
"278",6001441925,2014,9
"279",6001441926,2014,6
"280",6001441927,2014,9
"281",6001442000,2014,14
"282",6001442100,2014,14
"283",6001442200,2014,14
"284",6001442301,2014,13
"285",6001442302,2014,15
"286",6001442400,2014,13
"287",6001442500,2014,13
"288",6001442601,2014,8
"289",6001442602,2014,13
"290",6001442700,2014,1
"291",6001442800,2014,13
"292",6001442900,2014,13
"293",6001443001,2014,13
"294",6001443002,2014,13
"295",6001443102,2014,14
"296",6001443103,2014,14
"297",6001443104,2014,14
"298",6001443105,2014,14
"299",6001443200,2014,14
"300",6001443301,2014,14
"301",6001443321,2014,9
"302",6001443322,2014,14
"303",6001444100,2014,1
"304",6001444200,2014,13
"305",6001444301,2014,13
"306",6001444302,2014,13
"307",6001444400,2014,13
"308",6001444500,2014,13
"309",6001444601,2014,13
"310",6001444602,2014,9
"311",6001450101,2014,9
"312",6001450102,2014,13
"313",6001450200,2014,15
"314",6001450300,2014,1
"315",6001450400,2014,1
"316",6001450501,2014,8
"317",6001450502,2014,8
"318",6001450601,2014,8
"319",6001450602,2014,8
"320",6001450603,2014,8
"321",6001450604,2014,8
"322",6001450605,2014,8
"323",6001450606,2014,14
"324",6001450607,2014,15
"325",6001450701,2014,14
"326",6001450741,2014,1
"327",6001450742,2014,14
"328",6001450743,2014,14
"329",6001450744,2014,1
"330",6001450745,2014,14
"331",6001450746,2014,8
"332",6001450750,2014,9
"333",6001450751,2014,14
"334",6001451101,2014,8
"335",6001451102,2014,1
"336",6001451201,2014,8
"337",6001451202,2014,1
"338",6001451300,2014,8
"339",6001451401,2014,1
"340",6001451403,2014,1
"341",6001451404,2014,6
"342",6001451501,2014,1
"343",6001451503,2014,1
"344",6001451504,2014,8
"345",6001451505,2014,8
"346",6001451506,2014,6
"347",6001451601,2014,8
"348",6001451602,2014,1
"349",6001451703,2014,1
"350",6001451704,2014,8
"351",6013301000,2014,8
"352",6013302005,2014,13
"353",6013302006,2014,8
"354",6013302007,2014,13
"355",6013302008,2014,13
"356",6013302009,2014,13
"357",6013302010,2014,8
"358",6013303102,2014,13
"359",6013303103,2014,13
"360",6013303201,2014,8
"361",6013303202,2014,8
"362",6013303203,2014,8
"363",6013303204,2014,13
"364",6013303205,2014,8
"365",6013304001,2014,8
"366",6013304002,2014,13
"367",6013304003,2014,8
"368",6013304004,2014,8
"369",6013304005,2014,8
"370",6013305000,2014,3
"371",6013306002,2014,13
"372",6013306003,2014,13
"373",6013306004,2014,13
"374",6013307101,2014,13
"375",6013307102,2014,6
"376",6013307201,2014,3
"377",6013307202,2014,6
"378",6013307204,2014,13
"379",6013307205,2014,6
"380",6013308001,2014,13
"381",6013308002,2014,8
"382",6013309000,2014,15
"383",6013310000,2014,3
"384",6013311000,2014,3
"385",6013312000,2014,3
"386",6013313101,2014,3
"387",6013313102,2014,13
"388",6013313103,2014,13
"389",6013313203,2014,13
"390",6013313204,2014,6
"391",6013313206,2014,6
"392",6013314102,2014,6
"393",6013314103,2014,3
"394",6013314104,2014,6
"395",6013314200,2014,6
"396",6013315000,2014,8
"397",6013316000,2014,2
"398",6013317000,2014,13
"399",6013318000,2014,1
"400",6013319000,2014,8
"401",6013320001,2014,6
"402",6013320003,2014,8
"403",6013320004,2014,8
"404",6013321101,2014,8
"405",6013321102,2014,1
"406",6013321103,2014,1
"407",6013321200,2014,15
"408",6013322000,2014,1
"409",6013323000,2014,1
"410",6013324001,2014,15
"411",6013324002,2014,15
"412",6013325000,2014,1
"413",6013326000,2014,1
"414",6013327000,2014,13
"415",6013328000,2014,4
"416",6013329000,2014,8
"417",6013330000,2014,8
"418",6013331000,2014,8
"419",6013332000,2014,8
"420",6013333101,2014,8
"421",6013333102,2014,8
"422",6013333200,2014,8
"423",6013334001,2014,8
"424",6013334004,2014,8
"425",6013334200,2014,1
"426",6013335000,2014,8
"427",6013336101,2014,6
"428",6013336102,2014,6
"429",6013336201,2014,6
"430",6013336202,2014,6
"431",6013337100,2014,8
"432",6013337200,2014,8
"433",6013337300,2014,1
"434",6013338101,2014,6
"435",6013338102,2014,1
"436",6013338201,2014,1
"437",6013338203,2014,15
"438",6013338204,2014,1
"439",6013338301,2014,1
"440",6013338302,2014,1
"441",6013339001,2014,4
"442",6013339002,2014,15
"443",6013340001,2014,1
"444",6013340002,2014,1
"445",6013341000,2014,1
"446",6013343001,2014,1
"447",6013343002,2014,1
"448",6013343003,2014,1
"449",6013345101,2014,1
"450",6013345102,2014,8
"451",6013345103,2014,1
"452",6013345105,2014,8
"453",6013345108,2014,14
"454",6013345111,2014,9
"455",6013345112,2014,8
"456",6013345113,2014,14
"457",6013345114,2014,1
"458",6013345115,2014,14
"459",6013345116,2014,14
"460",6013345202,2014,1
"461",6013345203,2014,8
"462",6013345204,2014,1
"463",6013346101,2014,1
"464",6013346102,2014,1
"465",6013346201,2014,1
"466",6013346203,2014,1
"467",6013346204,2014,1
"468",6013347000,2014,1
"469",6013348000,2014,1
"470",6013349000,2014,1
"471",6013350000,2014,1
"472",6013351101,2014,1
"473",6013351102,2014,1
"474",6013351103,2014,1
"475",6013351200,2014,1
"476",6013352101,2014,14
"477",6013352102,2014,1
"478",6013352201,2014,1
"479",6013352202,2014,1
"480",6013353001,2014,1
"481",6013353002,2014,1
"482",6013354001,2014,1
"483",6013354002,2014,1
"484",6013355107,2014,13
"485",6013355108,2014,13
"486",6013355109,2014,13
"487",6013355110,2014,13
"488",6013355111,2014,13
"489",6013355112,2014,1
"490",6013355113,2014,14
"491",6013355114,2014,14
"492",6013355115,2014,14
"493",6013355116,2014,14
"494",6013355200,2014,14
"495",6013355301,2014,1
"496",6013355302,2014,1
"497",6013355304,2014,1
"498",6013355306,2014,8
"499",6013356001,2014,13
"500",6013356002,2014,14
"501",6013357000,2014,1
"502",6013358000,2014,6
"503",6013359102,2014,13
"504",6013359103,2014,13
"505",6013359104,2014,13
"506",6013359105,2014,14
"507",6013359202,2014,1
"508",6013359203,2014,13
"509",6013359204,2014,14
"510",6013360101,2014,13
"511",6013360102,2014,14
"512",6013360200,2014,13
"513",6013361000,2014,13
"514",6013362000,2014,1
"515",6013363000,2014,13
"516",6013364002,2014,6
"517",6013365002,2014,6
"518",6013365003,2014,15
"519",6013366001,2014,6
"520",6013366002,2014,6
"521",6013367100,2014,3
"522",6013367200,2014,6
"523",6013368001,2014,6
"524",6013368002,2014,6
"525",6013369001,2014,6
"526",6013369002,2014,13
"527",6013370000,2014,11
"528",6013371000,2014,6
"529",6013372000,2014,6
"530",6013373000,2014,6
"531",6013374000,2014,6
"532",6013375000,2014,6
"533",6013376000,2014,6
"534",6013377000,2014,6
"535",6013378000,2014,1
"536",6013379000,2014,3
"537",6013380000,2014,15
"538",6013381000,2014,3
"539",6013382000,2014,3
"540",6013383000,2014,11
"541",6013384000,2014,1
"542",6013385100,2014,1
"543",6013385200,2014,1
"544",6013386000,2014,2
"545",6013387000,2014,11
"546",6013388000,2014,11
"547",6013389100,2014,11
"548",6013389200,2014,2
"549",6013390100,2014,1
"550",6013390200,2014,1
"551",6013391000,2014,1
"552",6013392000,2014,1
"553",6013392200,2014,13
"554",6041101100,2014,1
"555",6041101200,2014,8
"556",6041102100,2014,8
"557",6041102202,2014,8
"558",6041102203,2014,8
"559",6041103100,2014,8
"560",6041103200,2014,1
"561",6041104101,2014,8
"562",6041104102,2014,8
"563",6041104200,2014,8
"564",6041104300,2014,1
"565",6041105000,2014,8
"566",6041106001,2014,15
"567",6041106002,2014,8
"568",6041107000,2014,1
"569",6041108100,2014,1
"570",6041108200,2014,1
"571",6041109001,2014,15
"572",6041109002,2014,1
"573",6041110100,2014,1
"574",6041110200,2014,1
"575",6041111000,2014,15
"576",6041112100,2014,15
"577",6041112201,2014,6
"578",6041112202,2014,6
"579",6041113000,2014,1
"580",6041114100,2014,1
"581",6041114200,2014,1
"582",6041115000,2014,1
"583",6041116000,2014,1
"584",6041117000,2014,1
"585",6041118100,2014,1
"586",6041119100,2014,1
"587",6041119201,2014,15
"588",6041119202,2014,1
"589",6041120000,2014,1
"590",6041121100,2014,1
"591",6041121200,2014,1
"592",6041123000,2014,1
"593",6041124100,2014,1
"594",6041124200,2014,1
"595",6041125000,2014,1
"596",6041126100,2014,1
"597",6041126200,2014,1
"598",6041127000,2014,1
"599",6041128100,2014,1
"600",6041128200,2014,1
"601",6041129000,2014,2
"602",6041130201,2014,1
"603",6041130202,2014,1
"604",6041131100,2014,1
"605",6041132100,2014,1
"606",6041132200,2014,1
"607",6041133000,2014,8
"608",6055200201,2014,13
"609",6055200202,2014,6
"610",6055200203,2014,13
"611",6055200301,2014,13
"612",6055200302,2014,1
"613",6055200400,2014,8
"614",6055200501,2014,6
"615",6055200503,2014,6
"616",6055200504,2014,13
"617",6055200505,2014,13
"618",6055200601,2014,13
"619",6055200602,2014,13
"620",6055200703,2014,8
"621",6055200704,2014,13
"622",6055200705,2014,13
"623",6055200706,2014,8
"624",6055200707,2014,8
"625",6055200802,2014,8
"626",6055200803,2014,8
"627",6055200804,2014,6
"628",6055201003,2014,14
"629",6055201004,2014,13
"630",6055201005,2014,13
"631",6055201006,2014,13
"632",6055201007,2014,13
"633",6055201101,2014,8
"634",6055201102,2014,1
"635",6055201200,2014,8
"636",6055201300,2014,1
"637",6055201401,2014,1
"638",6055201402,2014,8
"639",6055201500,2014,1
"640",6055201601,2014,13
"641",6055201602,2014,1
"642",6055201700,2014,1
"643",6055201800,2014,8
"644",6055201900,2014,1
"645",6055202000,2014,13
"646",6075010100,2014,2
"647",6075010200,2014,7
"648",6075010300,2014,7
"649",6075010400,2014,7
"650",6075010500,2014,7
"651",6075010600,2014,5
"652",6075010700,2014,5
"653",6075010800,2014,7
"654",6075010900,2014,7
"655",6075011000,2014,7
"656",6075011100,2014,2
"657",6075011200,2014,7
"658",6075011300,2014,5
"659",6075011700,2014,4
"660",6075011800,2014,5
"661",6075011901,2014,2
"662",6075011902,2014,2
"663",6075012000,2014,2
"664",6075012100,2014,2
"665",6075012201,2014,2
"666",6075012202,2014,2
"667",6075012301,2014,5
"668",6075012302,2014,2
"669",6075012401,2014,5
"670",6075012402,2014,4
"671",6075012501,2014,5
"672",6075012502,2014,5
"673",6075012601,2014,7
"674",6075012602,2014,7
"675",6075012700,2014,7
"676",6075012800,2014,7
"677",6075012901,2014,7
"678",6075012902,2014,7
"679",6075013000,2014,7
"680",6075013101,2014,7
"681",6075013102,2014,7
"682",6075013200,2014,7
"683",6075013300,2014,7
"684",6075013400,2014,7
"685",6075013500,2014,7
"686",6075015100,2014,7
"687",6075015200,2014,7
"688",6075015300,2014,7
"689",6075015400,2014,7
"690",6075015500,2014,2
"691",6075015600,2014,7
"692",6075015700,2014,7
"693",6075015801,2014,2
"694",6075015802,2014,2
"695",6075015900,2014,2
"696",6075016000,2014,2
"697",6075016100,2014,4
"698",6075016200,2014,2
"699",6075016300,2014,2
"700",6075016400,2014,2
"701",6075016500,2014,2
"702",6075016600,2014,2
"703",6075016700,2014,7
"704",6075016801,2014,2
"705",6075016802,2014,2
"706",6075016900,2014,7
"707",6075017000,2014,7
"708",6075017101,2014,7
"709",6075017102,2014,7
"710",6075017601,2014,4
"711",6075017700,2014,2
"712",6075017801,2014,4
"713",6075017802,2014,2
"714",6075017902,2014,2
"715",6075018000,2014,15
"716",6075020100,2014,2
"717",6075020200,2014,2
"718",6075020300,2014,7
"719",6075020401,2014,7
"720",6075020402,2014,7
"721",6075020500,2014,7
"722",6075020600,2014,7
"723",6075020700,2014,7
"724",6075020800,2014,2
"725",6075020900,2014,2
"726",6075021000,2014,7
"727",6075021100,2014,7
"728",6075021200,2014,7
"729",6075021300,2014,7
"730",6075021400,2014,7
"731",6075021500,2014,7
"732",6075021600,2014,7
"733",6075021700,2014,7
"734",6075021800,2014,7
"735",6075022600,2014,15
"736",6075022702,2014,7
"737",6075022704,2014,7
"738",6075022801,2014,11
"739",6075022802,2014,11
"740",6075022803,2014,2
"741",6075022901,2014,2
"742",6075022902,2014,11
"743",6075022903,2014,11
"744",6075023001,2014,11
"745",6075023003,2014,11
"746",6075023102,2014,3
"747",6075023103,2014,3
"748",6075023200,2014,3
"749",6075023300,2014,9
"750",6075023400,2014,6
"751",6075025100,2014,7
"752",6075025200,2014,7
"753",6075025300,2014,11
"754",6075025401,2014,11
"755",6075025402,2014,7
"756",6075025403,2014,11
"757",6075025500,2014,11
"758",6075025600,2014,11
"759",6075025701,2014,11
"760",6075025702,2014,11
"761",6075025800,2014,11
"762",6075025900,2014,11
"763",6075026001,2014,11
"764",6075026002,2014,11
"765",6075026003,2014,11
"766",6075026004,2014,11
"767",6075026100,2014,11
"768",6075026200,2014,11
"769",6075026301,2014,11
"770",6075026302,2014,11
"771",6075026303,2014,11
"772",6075026401,2014,11
"773",6075026402,2014,11
"774",6075026403,2014,11
"775",6075026404,2014,11
"776",6075030101,2014,7
"777",6075030102,2014,7
"778",6075030201,2014,7
"779",6075030202,2014,7
"780",6075030301,2014,7
"781",6075030302,2014,11
"782",6075030400,2014,1
"783",6075030500,2014,1
"784",6075030600,2014,1
"785",6075030700,2014,1
"786",6075030800,2014,1
"787",6075030900,2014,1
"788",6075031000,2014,11
"789",6075031100,2014,7
"790",6075031201,2014,11
"791",6075031202,2014,11
"792",6075031301,2014,11
"793",6075031302,2014,11
"794",6075031400,2014,11
"795",6075032601,2014,7
"796",6075032602,2014,11
"797",6075032700,2014,11
"798",6075032801,2014,11
"799",6075032802,2014,11
"800",6075032901,2014,11
"801",6075032902,2014,11
"802",6075033000,2014,11
"803",6075033100,2014,11
"804",6075033201,2014,10
"805",6075033203,2014,2
"806",6075033204,2014,2
"807",6075035100,2014,11
"808",6075035201,2014,11
"809",6075035202,2014,7
"810",6075035300,2014,11
"811",6075035400,2014,11
"812",6075040100,2014,7
"813",6075040200,2014,7
"814",6075042601,2014,7
"815",6075042602,2014,7
"816",6075042700,2014,7
"817",6075042800,2014,1
"818",6075045100,2014,7
"819",6075045200,2014,7
"820",6075047600,2014,7
"821",6075047701,2014,7
"822",6075047702,2014,7
"823",6075047801,2014,11
"824",6075047802,2014,7
"825",6075047901,2014,7
"826",6075047902,2014,7
"827",6075060100,2014,7
"828",6075060400,2014,15
"829",6075060502,2014,6
"830",6075060700,2014,15
"831",6075061000,2014,14
"832",6075061100,2014,5
"833",6075061200,2014,6
"834",6075061400,2014,7
"835",6075061500,2014,15
"836",6081600100,2014,1
"837",6081600200,2014,11
"838",6081600300,2014,9
"839",6081600401,2014,14
"840",6081600402,2014,11
"841",6081600500,2014,9
"842",6081600600,2014,11
"843",6081600700,2014,11
"844",6081600800,2014,15
"845",6081600900,2014,13
"846",6081601000,2014,13
"847",6081601100,2014,9
"848",6081601200,2014,13
"849",6081601300,2014,6
"850",6081601400,2014,9
"851",6081601501,2014,9
"852",6081601502,2014,15
"853",6081601601,2014,13
"854",6081601603,2014,14
"855",6081601605,2014,9
"856",6081601700,2014,1
"857",6081601800,2014,1
"858",6081601901,2014,13
"859",6081601902,2014,13
"860",6081602000,2014,9
"861",6081602100,2014,6
"862",6081602200,2014,6
"863",6081602300,2014,6
"864",6081602400,2014,13
"865",6081602500,2014,14
"866",6081602600,2014,14
"867",6081602700,2014,13
"868",6081602800,2014,13
"869",6081602900,2014,1
"870",6081603000,2014,1
"871",6081603100,2014,1
"872",6081603200,2014,1
"873",6081603300,2014,1
"874",6081603400,2014,1
"875",6081603700,2014,1
"876",6081603801,2014,15
"877",6081603802,2014,1
"878",6081603900,2014,1
"879",6081604000,2014,1
"880",6081604101,2014,6
"881",6081604102,2014,15
"882",6081604200,2014,6
"883",6081604400,2014,13
"884",6081604500,2014,1
"885",6081604600,2014,14
"886",6081604700,2014,14
"887",6081604800,2014,13
"888",6081604900,2014,14
"889",6081605000,2014,14
"890",6081605100,2014,1
"891",6081605200,2014,1
"892",6081605300,2014,1
"893",6081605400,2014,1
"894",6081605500,2014,1
"895",6081605600,2014,1
"896",6081605700,2014,1
"897",6081605800,2014,1
"898",6081605900,2014,6
"899",6081606000,2014,6
"900",6081606100,2014,6
"901",6081606200,2014,6
"902",6081606300,2014,6
"903",6081606400,2014,1
"904",6081606500,2014,1
"905",6081606600,2014,1
"906",6081606700,2014,1
"907",6081606800,2014,14
"908",6081606900,2014,1
"909",6081607000,2014,1
"910",6081607100,2014,1
"911",6081607200,2014,7
"912",6081607300,2014,1
"913",6081607400,2014,1
"914",6081607500,2014,15
"915",6081607600,2014,1
"916",6081607701,2014,6
"917",6081607702,2014,13
"918",6081607800,2014,1
"919",6081607900,2014,1
"920",6081608001,2014,1
"921",6081608004,2014,1
"922",6081608013,2014,9
"923",6081608023,2014,14
"924",6081608100,2014,9
"925",6081608200,2014,14
"926",6081608300,2014,9
"927",6081608400,2014,1
"928",6081608501,2014,1
"929",6081608502,2014,1
"930",6081608600,2014,1
"931",6081608700,2014,14
"932",6081608800,2014,1
"933",6081608900,2014,1
"934",6081609000,2014,14
"935",6081609100,2014,1
"936",6081609201,2014,1
"937",6081609202,2014,1
"938",6081609300,2014,1
"939",6081609400,2014,1
"940",6081609500,2014,1
"941",6081609601,2014,1
"942",6081609602,2014,1
"943",6081609603,2014,1
"944",6081609700,2014,1
"945",6081609800,2014,1
"946",6081609900,2014,1
"947",6081610000,2014,1
"948",6081610100,2014,6
"949",6081610201,2014,6
"950",6081610202,2014,4
"951",6081610203,2014,6
"952",6081610302,2014,15
"953",6081610303,2014,14
"954",6081610304,2014,8
"955",6081610400,2014,6
"956",6081610500,2014,6
"957",6081610601,2014,6
"958",6081610602,2014,1
"959",6081610700,2014,8
"960",6081610800,2014,6
"961",6081610900,2014,6
"962",6081611000,2014,8
"963",6081611100,2014,1
"964",6081611300,2014,1
"965",6081611400,2014,1
"966",6081611500,2014,1
"967",6081611600,2014,1
"968",6081611700,2014,6
"969",6081611800,2014,6
"970",6081611900,2014,6
"971",6081612000,2014,6
"972",6081612100,2014,6
"973",6081612500,2014,7
"974",6081612600,2014,7
"975",6081612700,2014,1
"976",6081612800,2014,1
"977",6081612900,2014,1
"978",6081613000,2014,1
"979",6081613200,2014,1
"980",6081613300,2014,1
"981",6081613400,2014,1
"982",6081613501,2014,8
"983",6081613502,2014,8
"984",6081613600,2014,8
"985",6081613700,2014,13
"986",6081613800,2014,8
"987",6081613900,2014,7
"988",6081614000,2014,13
"989",6085500100,2014,6
"990",6085500200,2014,15
"991",6085500300,2014,15
"992",6085500400,2014,15
"993",6085500500,2014,1
"994",6085500600,2014,15
"995",6085500800,2014,15
"996",6085500901,2014,15
"997",6085500902,2014,10
"998",6085501000,2014,6
"999",6085501101,2014,15
"1000",6085501102,2014,6
"1001",6085501200,2014,6
"1002",6085501300,2014,11
"1003",6085501401,2014,6
"1004",6085501402,2014,6
"1005",6085501501,2014,6
"1006",6085501502,2014,6
"1007",6085501600,2014,6
"1008",6085501700,2014,6
"1009",6085501800,2014,6
"1010",6085501900,2014,15
"1011",6085502001,2014,6
"1012",6085502002,2014,6
"1013",6085502101,2014,1
"1014",6085502102,2014,6
"1015",6085502201,2014,6
"1016",6085502202,2014,1
"1017",6085502301,2014,1
"1018",6085502302,2014,15
"1019",6085502400,2014,1
"1020",6085502500,2014,1
"1021",6085502601,2014,1
"1022",6085502603,2014,1
"1023",6085502604,2014,15
"1024",6085502701,2014,1
"1025",6085502702,2014,1
"1026",6085502800,2014,1
"1027",6085502901,2014,1
"1028",6085502902,2014,1
"1029",6085502903,2014,1
"1030",6085502906,2014,8
"1031",6085502907,2014,1
"1032",6085502908,2014,1
"1033",6085502909,2014,8
"1034",6085502910,2014,8
"1035",6085503001,2014,1
"1036",6085503002,2014,1
"1037",6085503003,2014,1
"1038",6085503105,2014,6
"1039",6085503108,2014,15
"1040",6085503110,2014,6
"1041",6085503111,2014,6
"1042",6085503112,2014,13
"1043",6085503113,2014,6
"1044",6085503115,2014,13
"1045",6085503116,2014,13
"1046",6085503117,2014,6
"1047",6085503118,2014,6
"1048",6085503121,2014,6
"1049",6085503122,2014,6
"1050",6085503123,2014,6
"1051",6085503204,2014,6
"1052",6085503207,2014,9
"1053",6085503208,2014,6
"1054",6085503210,2014,6
"1055",6085503211,2014,6
"1056",6085503212,2014,9
"1057",6085503213,2014,6
"1058",6085503214,2014,6
"1059",6085503217,2014,6
"1060",6085503218,2014,6
"1061",6085503304,2014,6
"1062",6085503305,2014,6
"1063",6085503306,2014,6
"1064",6085503312,2014,13
"1065",6085503313,2014,14
"1066",6085503315,2014,9
"1067",6085503321,2014,14
"1068",6085503322,2014,9
"1069",6085503323,2014,9
"1070",6085503324,2014,14
"1071",6085503325,2014,9
"1072",6085503326,2014,14
"1073",6085503327,2014,13
"1074",6085503329,2014,14
"1075",6085503330,2014,14
"1076",6085503331,2014,1
"1077",6085503332,2014,8
"1078",6085503333,2014,8
"1079",6085503334,2014,14
"1080",6085503336,2014,9
"1081",6085503337,2014,9
"1082",6085503401,2014,6
"1083",6085503402,2014,6
"1084",6085503504,2014,6
"1085",6085503506,2014,6
"1086",6085503507,2014,6
"1087",6085503508,2014,6
"1088",6085503509,2014,6
"1089",6085503510,2014,6
"1090",6085503511,2014,6
"1091",6085503601,2014,6
"1092",6085503602,2014,6
"1093",6085503703,2014,6
"1094",6085503707,2014,6
"1095",6085503708,2014,9
"1096",6085503709,2014,6
"1097",6085503710,2014,6
"1098",6085503711,2014,6
"1099",6085503712,2014,6
"1100",6085503713,2014,6
"1101",6085503802,2014,13
"1102",6085503803,2014,9
"1103",6085503804,2014,6
"1104",6085503902,2014,6
"1105",6085503903,2014,6
"1106",6085504001,2014,6
"1107",6085504002,2014,6
"1108",6085504101,2014,6
"1109",6085504102,2014,6
"1110",6085504201,2014,1
"1111",6085504202,2014,8
"1112",6085504307,2014,9
"1113",6085504308,2014,14
"1114",6085504311,2014,14
"1115",6085504314,2014,9
"1116",6085504316,2014,9
"1117",6085504317,2014,14
"1118",6085504318,2014,9
"1119",6085504319,2014,9
"1120",6085504320,2014,14
"1121",6085504321,2014,9
"1122",6085504322,2014,9
"1123",6085504323,2014,9
"1124",6085504410,2014,9
"1125",6085504411,2014,9
"1126",6085504412,2014,9
"1127",6085504413,2014,14
"1128",6085504414,2014,14
"1129",6085504415,2014,14
"1130",6085504416,2014,14
"1131",6085504418,2014,9
"1132",6085504420,2014,14
"1133",6085504421,2014,14
"1134",6085504422,2014,9
"1135",6085504423,2014,9
"1136",6085504504,2014,13
"1137",6085504505,2014,9
"1138",6085504506,2014,9
"1139",6085504507,2014,9
"1140",6085504602,2014,13
"1141",6085504802,2014,13
"1142",6085504803,2014,9
"1143",6085504805,2014,15
"1144",6085504806,2014,13
"1145",6085504901,2014,9
"1146",6085505001,2014,9
"1147",6085505006,2014,9
"1148",6085505007,2014,13
"1149",6085505008,2014,15
"1150",6085505009,2014,13
"1151",6085505100,2014,15
"1152",6085505202,2014,6
"1153",6085505203,2014,15
"1154",6085505301,2014,13
"1155",6085505302,2014,1
"1156",6085505303,2014,13
"1157",6085505304,2014,1
"1158",6085505305,2014,13
"1159",6085505401,2014,9
"1160",6085505402,2014,13
"1161",6085505403,2014,15
"1162",6085505500,2014,13
"1163",6085505600,2014,15
"1164",6085505700,2014,15
"1165",6085505800,2014,1
"1166",6085505900,2014,1
"1167",6085506000,2014,1
"1168",6085506101,2014,14
"1169",6085506102,2014,8
"1170",6085506103,2014,14
"1171",6085506202,2014,9
"1172",6085506203,2014,9
"1173",6085506204,2014,9
"1174",6085506301,2014,6
"1175",6085506302,2014,1
"1176",6085506304,2014,6
"1177",6085506305,2014,6
"1178",6085506401,2014,1
"1179",6085506402,2014,13
"1180",6085506501,2014,6
"1181",6085506502,2014,15
"1182",6085506503,2014,8
"1183",6085506601,2014,1
"1184",6085506603,2014,1
"1185",6085506604,2014,8
"1186",6085506605,2014,13
"1187",6085506606,2014,1
"1188",6085506701,2014,8
"1189",6085506702,2014,1
"1190",6085506703,2014,1
"1191",6085506801,2014,1
"1192",6085506802,2014,1
"1193",6085506803,2014,1
"1194",6085506804,2014,1
"1195",6085506900,2014,1
"1196",6085507001,2014,1
"1197",6085507002,2014,1
"1198",6085507100,2014,1
"1199",6085507203,2014,1
"1200",6085507205,2014,1
"1201",6085507206,2014,1
"1202",6085507301,2014,14
"1203",6085507302,2014,1
"1204",6085507401,2014,14
"1205",6085507402,2014,14
"1206",6085507500,2014,14
"1207",6085507600,2014,14
"1208",6085507701,2014,14
"1209",6085507702,2014,14
"1210",6085507703,2014,9
"1211",6085507805,2014,9
"1212",6085507806,2014,9
"1213",6085507807,2014,9
"1214",6085507808,2014,14
"1215",6085507903,2014,14
"1216",6085507904,2014,14
"1217",6085507905,2014,9
"1218",6085507906,2014,14
"1219",6085508001,2014,9
"1220",6085508003,2014,9
"1221",6085508004,2014,9
"1222",6085508101,2014,9
"1223",6085508102,2014,9
"1224",6085508202,2014,14
"1225",6085508203,2014,9
"1226",6085508204,2014,9
"1227",6085508301,2014,14
"1228",6085508303,2014,14
"1229",6085508304,2014,9
"1230",6085508401,2014,14
"1231",6085508403,2014,14
"1232",6085508404,2014,1
"1233",6085508503,2014,9
"1234",6085508504,2014,9
"1235",6085508505,2014,1
"1236",6085508507,2014,9
"1237",6085508508,2014,1
"1238",6085508601,2014,14
"1239",6085508602,2014,1
"1240",6085508703,2014,9
"1241",6085508704,2014,15
"1242",6085508800,2014,6
"1243",6085508900,2014,13
"1244",6085509000,2014,6
"1245",6085509102,2014,9
"1246",6085509105,2014,15
"1247",6085509106,2014,1
"1248",6085509107,2014,15
"1249",6085509108,2014,15
"1250",6085509109,2014,1
"1251",6085509201,2014,1
"1252",6085509202,2014,1
"1253",6085509302,2014,14
"1254",6085509303,2014,15
"1255",6085509304,2014,1
"1256",6085509401,2014,7
"1257",6085509403,2014,15
"1258",6085509404,2014,15
"1259",6085509500,2014,15
"1260",6085509600,2014,1
"1261",6085509700,2014,1
"1262",6085509801,2014,7
"1263",6085509802,2014,14
"1264",6085509901,2014,1
"1265",6085509902,2014,1
"1266",6085510001,2014,14
"1267",6085510002,2014,1
"1268",6085510100,2014,1
"1269",6085510200,2014,14
"1270",6085510300,2014,1
"1271",6085510400,2014,1
"1272",6085510500,2014,1
"1273",6085510600,2014,7
"1274",6085510700,2014,1
"1275",6085510801,2014,14
"1276",6085510802,2014,1
"1277",6085510803,2014,7
"1278",6085510900,2014,7
"1279",6085511000,2014,7
"1280",6085511100,2014,1
"1281",6085511200,2014,1
"1282",6085511301,2014,7
"1283",6085511302,2014,7
"1284",6085511400,2014,1
"1285",6085511500,2014,7
"1286",6085511608,2014,10
"1287",6085511609,2014,7
"1288",6085511701,2014,1
"1289",6085511702,2014,1
"1290",6085511704,2014,1
"1291",6085511707,2014,1
"1292",6085511800,2014,1
"1293",6085511905,2014,8
"1294",6085511907,2014,8
"1295",6085511909,2014,14
"1296",6085511910,2014,1
"1297",6085511911,2014,8
"1298",6085511912,2014,14
"1299",6085511913,2014,1
"1300",6085511914,2014,8
"1301",6085511915,2014,6
"1302",6085511916,2014,8
"1303",6085512001,2014,8
"1304",6085512005,2014,1
"1305",6085512017,2014,13
"1306",6085512019,2014,8
"1307",6085512020,2014,6
"1308",6085512021,2014,8
"1309",6085512022,2014,6
"1310",6085512023,2014,6
"1311",6085512024,2014,8
"1312",6085512025,2014,8
"1313",6085512026,2014,8
"1314",6085512027,2014,8
"1315",6085512029,2014,1
"1316",6085512030,2014,1
"1317",6085512031,2014,1
"1318",6085512032,2014,1
"1319",6085512033,2014,8
"1320",6085512034,2014,8
"1321",6085512035,2014,1
"1322",6085512036,2014,9
"1323",6085512037,2014,1
"1324",6085512038,2014,15
"1325",6085512039,2014,13
"1326",6085512042,2014,13
"1327",6085512043,2014,6
"1328",6085512045,2014,1
"1329",6085512047,2014,1
"1330",6085512052,2014,15
"1331",6085512053,2014,8
"1332",6085512100,2014,13
"1333",6085512200,2014,8
"1334",6085512305,2014,1
"1335",6085512307,2014,1
"1336",6085512308,2014,8
"1337",6085512309,2014,8
"1338",6085512310,2014,13
"1339",6085512311,2014,8
"1340",6085512312,2014,8
"1341",6085512313,2014,13
"1342",6085512314,2014,13
"1343",6085512401,2014,13
"1344",6085512402,2014,13
"1345",6085512503,2014,8
"1346",6085512505,2014,13
"1347",6085512506,2014,13
"1348",6085512508,2014,13
"1349",6085512509,2014,13
"1350",6085512510,2014,8
"1351",6085512602,2014,13
"1352",6085512603,2014,6
"1353",6085512604,2014,6
"1354",6085513000,2014,10
"1355",6095250103,2014,13
"1356",6095250104,2014,13
"1357",6095250105,2014,13
"1358",6095250106,2014,14
"1359",6095250200,2014,3
"1360",6095250300,2014,3
"1361",6095250400,2014,13
"1362",6095250501,2014,8
"1363",6095250502,2014,13
"1364",6095250601,2014,3
"1365",6095250604,2014,14
"1366",6095250605,2014,14
"1367",6095250701,2014,3
"1368",6095250801,2014,15
"1369",6095250900,2014,3
"1370",6095251000,2014,3
"1371",6095251100,2014,6
"1372",6095251200,2014,6
"1373",6095251300,2014,13
"1374",6095251400,2014,8
"1375",6095251500,2014,3
"1376",6095251600,2014,3
"1377",6095251701,2014,3
"1378",6095251702,2014,13
"1379",6095251802,2014,6
"1380",6095251803,2014,13
"1381",6095251804,2014,13
"1382",6095251901,2014,3
"1383",6095251902,2014,13
"1384",6095251903,2014,13
"1385",6095252000,2014,1
"1386",6095252102,2014,8
"1387",6095252103,2014,13
"1388",6095252104,2014,1
"1389",6095252106,2014,8
"1390",6095252107,2014,1
"1391",6095252108,2014,1
"1392",6095252201,2014,14
"1393",6095252202,2014,13
"1394",6095252305,2014,8
"1395",6095252306,2014,8
"1396",6095252310,2014,8
"1397",6095252311,2014,14
"1398",6095252312,2014,8
"1399",6095252313,2014,13
"1400",6095252314,2014,13
"1401",6095252315,2014,13
"1402",6095252316,2014,13
"1403",6095252317,2014,8
"1404",6095252401,2014,6
"1405",6095252402,2014,3
"1406",6095252501,2014,6
"1407",6095252502,2014,3
"1408",6095252604,2014,3
"1409",6095252605,2014,6
"1410",6095252606,2014,6
"1411",6095252607,2014,6
"1412",6095252608,2014,3
"1413",6095252610,2014,13
"1414",6095252611,2014,3
"1415",6095252702,2014,13
"1416",6095252703,2014,13
"1417",6095252704,2014,3
"1418",6095252705,2014,13
"1419",6095252706,2014,13
"1420",6095252707,2014,3
"1421",6095252801,2014,12
"1422",6095252802,2014,12
"1423",6095252903,2014,8
"1424",6095252904,2014,8
"1425",6095252908,2014,8
"1426",6095252909,2014,8
"1427",6095252910,2014,8
"1428",6095252911,2014,1
"1429",6095252912,2014,8
"1430",6095252913,2014,8
"1431",6095252914,2014,8
"1432",6095252915,2014,8
"1433",6095253101,2014,8
"1434",6095253105,2014,15
"1435",6095253106,2014,8
"1436",6095253107,2014,8
"1437",6095253108,2014,13
"1438",6095253201,2014,8
"1439",6095253203,2014,13
"1440",6095253204,2014,13
"1441",6095253205,2014,13
"1442",6095253206,2014,8
"1443",6095253300,2014,13
"1444",6095253402,2014,13
"1445",6095253403,2014,8
"1446",6095253404,2014,13
"1447",6095253500,2014,8
"1448",6097150100,2014,1
"1449",6097150202,2014,8
"1450",6097150203,2014,8
"1451",6097150204,2014,1
"1452",6097150303,2014,1
"1453",6097150304,2014,13
"1454",6097150305,2014,6
"1455",6097150306,2014,1
"1456",6097150500,2014,1
"1457",6097150601,2014,13
"1458",6097150602,2014,8
"1459",6097150603,2014,8
"1460",6097150607,2014,8
"1461",6097150609,2014,13
"1462",6097150610,2014,8
"1463",6097150611,2014,8
"1464",6097150612,2014,8
"1465",6097150701,2014,15
"1466",6097150702,2014,8
"1467",6097150800,2014,13
"1468",6097150901,2014,13
"1469",6097150902,2014,8
"1470",6097151000,2014,8
"1471",6097151100,2014,8
"1472",6097151201,2014,8
"1473",6097151203,2014,8
"1474",6097151204,2014,8
"1475",6097151301,2014,6
"1476",6097151305,2014,6
"1477",6097151306,2014,8
"1478",6097151307,2014,8
"1479",6097151308,2014,8
"1480",6097151309,2014,8
"1481",6097151310,2014,8
"1482",6097151311,2014,8
"1483",6097151401,2014,13
"1484",6097151402,2014,6
"1485",6097151502,2014,13
"1486",6097151503,2014,1
"1487",6097151504,2014,8
"1488",6097151601,2014,1
"1489",6097151602,2014,1
"1490",6097151700,2014,13
"1491",6097151800,2014,13
"1492",6097151900,2014,6
"1493",6097152000,2014,2
"1494",6097152100,2014,13
"1495",6097152201,2014,13
"1496",6097152202,2014,8
"1497",6097152203,2014,1
"1498",6097152300,2014,1
"1499",6097152400,2014,1
"1500",6097152501,2014,8
"1501",6097152502,2014,8
"1502",6097152600,2014,8
"1503",6097152701,2014,8
"1504",6097152702,2014,8
"1505",6097152801,2014,8
"1506",6097152802,2014,6
"1507",6097152903,2014,13
"1508",6097152904,2014,8
"1509",6097152905,2014,8
"1510",6097152906,2014,8
"1511",6097153001,2014,6
"1512",6097153002,2014,6
"1513",6097153003,2014,6
"1514",6097153005,2014,8
"1515",6097153006,2014,8
"1516",6097153102,2014,6
"1517",6097153103,2014,13
"1518",6097153104,2014,6
"1519",6097153200,2014,13
"1520",6097153300,2014,13
"1521",6097153401,2014,8
"1522",6097153403,2014,8
"1523",6097153404,2014,1
"1524",6097153501,2014,8
"1525",6097153502,2014,1
"1526",6097153600,2014,8
"1527",6097153703,2014,1
"1528",6097153704,2014,1
"1529",6097153705,2014,1
"1530",6097153706,2014,1
"1531",6097153801,2014,8
"1532",6097153804,2014,8
"1533",6097153806,2014,8
"1534",6097153807,2014,8
"1535",6097153808,2014,13
"1536",6097153809,2014,8
"1537",6097153901,2014,13
"1538",6097153902,2014,13
"1539",6097153903,2014,13
"1540",6097154000,2014,8
"1541",6097154100,2014,8
"1542",6097154201,2014,13
"1543",6097154202,2014,8
"1544",6097154302,2014,1
"1545",6097154303,2014,1
"1546",6097154304,2014,8
